MaxDepth,Fov,DeltaMoy,DeltaMax
141.13509,1404,41.92461,0.00781
